{
  "project_info": {
    "project_number": "807857960639",
    "project_id": "passnprosper-7fca4",
    "storage_bucket": "passnprosper-7fca4.appspot.com"
  },
  "client": [
    {
      "client_info": {
        "mobilesdk_app_id": "1:807857960639:android:3db48ca106b13a6a55b80a",
        "android_client_info": {
          "package_name": "com.example.sonic_sight"
        }
      },
      "oauth_client": [
        {
          "client_id": "807857960639-ouk5o1mjplaih8t6f3n0h08hntict6nu.apps.googleusercontent.com",
          "client_type": 3
        }
      ],
      "api_key": [
        {
          "current_key": "AIzaSyBgGjV-YpDNipG40hHSd8mfBU-A3XUOCzg"
        }
      ],
      "services": {
        "appinvite_service": {
          "other_platform_oauth_client": [
            {
              "client_id": "807857960639-ouk5o1mjplaih8t6f3n0h08hntict6nu.apps.googleusercontent.com",
              "client_type": 3
            }
          ]
        }
      }
    }
  ],
  "configuration_version": "1"
}